"model","class","support","true_positive","false_negative","false_positive","true_negative","sensitivity","specificity","balanced_accuracy","precision","f1"
"LiDAR GBM point prediction (matched polygon subset)","msf",91,58,33,157,276,0.637362637362637,0.637413394919169,0.637388016140903,0.269767441860465,0.379084967320261
"LiDAR GBM point prediction (matched polygon subset)","se",380,189,191,31,113,0.497368421052632,0.784722222222222,0.641045321637427,0.859090909090909,0.63
"LiDAR GBM point prediction (matched polygon subset)","si",53,29,24,60,411,0.547169811320755,0.872611464968153,0.709890638144454,0.325842696629214,0.408450704225352
"LiDAR GBM polygon winner","msf",91,59,32,174,259,0.648351648351648,0.598152424942263,0.623252036646956,0.253218884120172,0.364197530864198
"LiDAR GBM polygon winner","se",380,175,205,36,108,0.460526315789474,0.75,0.605263157894737,0.829383886255924,0.592216582064298
"LiDAR GBM polygon winner","si",53,25,28,55,416,0.471698113207547,0.883227176220807,0.677462644714177,0.3125,0.37593984962406
"KNF rule-model polygon stage","msf",90,55,35,198,230,0.611111111111111,0.537383177570093,0.574247144340602,0.217391304347826,0.32069970845481
"KNF rule-model polygon stage","se",377,186,191,68,73,0.493368700265252,0.517730496453901,0.505549598359576,0.732283464566929,0.589540412044374
"KNF rule-model polygon stage","si",51,3,48,8,459,0.0588235294117647,0.982869379014989,0.520846454213377,0.272727272727273,0.0967741935483871
