"observed","predicted","Freq","model"
"msf","msf",58,"LiDAR GBM point prediction (matched polygon subset)"
"se","msf",143,"LiDAR GBM point prediction (matched polygon subset)"
"si","msf",14,"LiDAR GBM point prediction (matched polygon subset)"
"msf","se",21,"LiDAR GBM point prediction (matched polygon subset)"
"se","se",189,"LiDAR GBM point prediction (matched polygon subset)"
"si","se",10,"LiDAR GBM point prediction (matched polygon subset)"
"msf","si",12,"LiDAR GBM point prediction (matched polygon subset)"
"se","si",48,"LiDAR GBM point prediction (matched polygon subset)"
"si","si",29,"LiDAR GBM point prediction (matched polygon subset)"
"msf","msf",59,"LiDAR GBM polygon winner"
"se","msf",160,"LiDAR GBM polygon winner"
"si","msf",14,"LiDAR GBM polygon winner"
"msf","se",22,"LiDAR GBM polygon winner"
"se","se",175,"LiDAR GBM polygon winner"
"si","se",14,"LiDAR GBM polygon winner"
"msf","si",10,"LiDAR GBM polygon winner"
"se","si",45,"LiDAR GBM polygon winner"
"si","si",25,"LiDAR GBM polygon winner"
"msf","msf",55,"KNF rule-model polygon stage"
"se","msf",183,"KNF rule-model polygon stage"
"si","msf",15,"KNF rule-model polygon stage"
"msf","se",35,"KNF rule-model polygon stage"
"se","se",186,"KNF rule-model polygon stage"
"si","se",33,"KNF rule-model polygon stage"
"msf","si",0,"KNF rule-model polygon stage"
"se","si",8,"KNF rule-model polygon stage"
"si","si",3,"KNF rule-model polygon stage"
