"Estimate","Std. Error","z value","Pr(>|z|)","term"
-0.0757033573995334,0.155751143051964,-0.486053302185245,0.626929374788972,"(Intercept)"
1.15474430963609,0.272667013848801,4.23499818821655,2.28553548617647e-05,"field_stagemsf"
0.902667164251714,0.366434379271574,2.46338011746088,0.0137633913692797,"field_stagesi"
-0.174285240938582,0.197189289697989,-0.883847399650935,0.376778595127154,"review_statusnot_flagged"
0.509617426242214,0.892909746906045,0.570737891492451,0.5681773294813,"review_statusnot_recorded"
-0.523742939908381,0.181381276927067,-2.8875248249519,0.00388285964183052,"understory_mean_degree_z"
-0.0675371940843794,0.15072811423371,-0.448072971838951,0.654100533565919,"bt_diff_z"
0.272155869506121,0.154452998966573,1.76206270727719,0.0780587032575589,"understory_eigen_ratio_z"
0.510098280337513,0.144854300726398,3.5214576148553,0.000429181271881802,"n_gt_12_1_z"
0.0321824232295698,0.136900047754186,0.235079707841707,0.814146868210822,"understory_mean_strength_z"
0.0363025273354673,0.133855242422664,0.271207363106763,0.786231550199294,"pzabovezmean_z"
