"metric","converged","error","estimate_log_odds","standard_error","z_value","p_value","odds_ratio_per_sd","aic","delta_aic_from_baseline","tjur_r2","singular_fit","q_value_bh"
"understory_mean_degree",TRUE,NA,-0.70183094728739,0.104662930544725,-6.70563057650563,2.00538474771206e-11,0.495676914137033,683.669742742766,-49.7194170379546,0.107823759843773,NA,6.23271628125269e-10
"understory_n_m2",TRUE,NA,-0.704500704559819,0.105860404526466,-6.65499728355646,2.83305285511486e-11,0.494355342014104,685.430926324728,-47.9582334559921,0.106179480304282,NA,6.23271628125269e-10
"LAD_z_max",TRUE,NA,0.704761684838168,0.110359132396471,6.3860748950642,1.70197668900817e-10,2.02336442903883,687.181927679076,-46.2072321016443,0.104703317461638,NA,2.49623247721198e-09
"understory_n_components",TRUE,NA,0.578753417298525,0.101621083848572,5.69521004283854,1.23220130025165e-08,1.78381337328534,699.063948105911,-34.3252116748092,0.0822940675878828,NA,1.35542143027682e-07
"bt_diff",TRUE,NA,0.573559818163799,0.10246178497286,5.59779256544986,2.1709828950541e-08,1.77457297791848,700.426612333466,-32.9625474472549,0.0781594233187619,NA,1.9104649476476e-07
"understory_mean_closeness",TRUE,NA,-0.49948854226849,0.0951191935565667,-5.25118562923315,1.51123283884507e-07,0.606840953852346,706.33341932976,-27.055740450961,0.0671305245915492,NA,1.10685874636934e-06
"understory_eigen_ratio",TRUE,NA,0.621148196008605,0.11892660711307,5.22295398050031,1.76091164195123e-07,1.86106368143607,700.149367022684,-33.2397927580367,0.0764004550904269,NA,1.10685874636934e-06
"n_gt_12_1",TRUE,NA,0.504904733303788,0.0988934302381149,5.10554373620251,3.29844685009789e-07,1.65682767244359,706.848575601751,-26.54058417897,0.0679636366557957,NA,1.81414576755384e-06
"understory_mean_strength",TRUE,NA,0.505438564714293,0.10009015347788,5.0498330470239,4.42196360177567e-07,1.65771237521699,707.560044737761,-25.8291150429598,0.0656826764722633,NA,2.16184887197921e-06
"n_trees",TRUE,NA,-0.553284227226141,0.11062679409143,-5.00135823125154,5.69278209631035e-07,0.575058084234744,706.779590558408,-26.6095692223128,0.0695587775601183,NA,2.27711326607124e-06
"trees_per_acre",TRUE,NA,-0.553284221453113,0.110626793737685,-5.00135819505936,5.6927831651781e-07,0.575058087554571,706.779591001962,-26.6095687787584,0.0695587766295495,NA,2.27711326607124e-06
"understory_graph_density",TRUE,NA,1.01128650818319,0.22811953040792,4.43314303854134,9.28692081460166e-06,2.74913552629185,699.1752231225,-34.2139366582203,0.0791298283672935,NA,3.40520429868727e-05
"pzabovezmean",TRUE,NA,0.449798935941286,0.104468085053539,4.30561099794991,1.6652546471341e-05,1.56799688597559,715.514040435404,-17.8751193453169,0.0519037322928511,NA,5.63624649799233e-05
"n_strata_low",TRUE,NA,-0.478767154792798,0.114057234280013,-4.19760445547377,2.69753246840867e-05,0.619546726385031,715.187847638197,-18.2013121425235,0.0549085387855724,NA,8.47795918642726e-05
"zskew",TRUE,NA,-0.435537760044882,0.106451550427729,-4.09141772285009,4.28744059470304e-05,0.646916687574739,717.089784492511,-16.2993752882098,0.048463515319356,NA,0.000125764924111289
"n_strata_mid",TRUE,NA,0.376119018812498,0.0929935643962599,4.04457040930055,5.2419153412588e-05,1.45662048869546,718.227249381464,-15.161910399257,0.04650971132585,NA,0.000144152671884617
"smoothness_score",TRUE,NA,-0.368349979042337,0.0946868162265496,-3.89019288768793,0.000100164571607478,0.691874997562454,719.588385641864,-13.8007741388566,0.0438678083499672,NA,0.000259249479454649
"understory_avg_path_length",TRUE,NA,0.307211707964218,0.0999578703833475,3.07341189629224,0.0021162616655982,1.35962878184617,724.993873899334,-8.39528588138671,0.0348103808001118,NA,0.00517308407146226
"topo_entropy",TRUE,NA,0.273833596060608,0.0958726411108596,2.85622251444985,0.00428714562831617,1.3149959635228,727.051702254879,-6.33745752584116,0.0294444789601053,NA,0.00992812671820588
"zquantile_pc1",TRUE,NA,0.228160472426319,0.0939148221409731,2.42944049964588,0.0151221468268442,1.25628690866602,729.376616942319,-4.01254283840171,0.0243765099074563,NA,0.0332687230190572
"LAD_max",TRUE,NA,-0.202677161831338,0.0922861181124326,-2.19618254594278,0.0280788801456624,0.816541809740857,730.507080042858,-2.88207973786257,0.022551905672344,NA,0.0588319393528164
"landsat8_summer_fall_diff_mean_5x5",TRUE,NA,-0.195458982458934,0.0902515670075275,-2.16571289496427,0.0303331330444329,0.822457078039298,730.644219727063,-2.74494005365727,0.0222796692775116,NA,0.0606662660888657
"understory_mean_abs_sa",TRUE,NA,0.178107241603224,0.0886774608024772,2.00848377920908,0.044591908043748,1.19495346308877,731.327091108223,-2.06206867249728,0.0209845661017511,NA,0.0853062588663005
"zmean",TRUE,NA,0.182150002980024,0.0922564011467871,1.97438877645151,0.0483375532581574,1.1997941530807,731.446506790756,-1.9426529899647,0.0205267472172687,NA,0.0886188476399552
"midstory_mean_abs_sa",TRUE,NA,-0.165323894477179,0.0891385264565016,-1.85468507332635,0.0636412115308015,0.847619120470386,731.926887048745,-1.46227273197542,0.019737612003175,NA,0.112008532294211
"n_strata_upper",TRUE,NA,-0.159242396205762,0.0893899281675151,-1.78143555398484,0.0748413243071062,0.852789620945457,732.15709519491,-1.23206458581024,0.0194443627546144,NA,0.126654548827411
"midstory_n_m2",TRUE,NA,0.152399019945061,0.0884733952000913,1.72254065304485,0.0849716251186124,1.16462485227502,732.40682553217,-0.982334248550501,0.0189491429122276,NA,0.138472277971072
"zkurt",TRUE,NA,-0.167493222413571,0.0995577544791667,-1.68237244089932,0.0924966419546778,0.845782349632393,732.41646884405,-0.972690936670688,0.0191302543092662,NA,0.145351865928779
"midstory_avg_path_length",TRUE,NA,0.143235275850132,0.0895355511410705,1.59975868830531,0.10965212672362,1.15400127836062,732.788127148191,-0.601032632529268,0.0182363904298902,NA,0.166368743994459
"topo_residual_sd",TRUE,NA,0.131178629708518,0.0916283263730684,1.43163839066992,0.152247336674318,1.14017143161294,733.325695790005,-0.0634639907159453,0.01710476157791,NA,0.223296093789
"midstory_mean_strength",TRUE,NA,0.123851593211589,0.0885051824211048,1.39937108566487,0.161701732889526,1.1318478846248,733.415184504879,0.0260247241589013,0.0170199210763481,NA,0.229512137004488
"fractional_canopy_cover",TRUE,NA,0.12927496986172,0.0936868208541926,1.37986291650258,0.167628856361602,1.13800299767528,733.472333382939,0.0831736022188352,0.0169399728634601,NA,0.230489677497203
"n_strata_mid_upper",TRUE,NA,0.116171101712046,0.089009964837091,1.30514714756562,0.191842747033742,1.12318803508883,733.676433637649,0.287273856928778,0.0164866382093636,NA,0.255790329378323
"midstory_eigen_ratio",TRUE,NA,0.0823337441354772,0.0959173187324765,0.858382461306228,0.390681308938192,1.08581813479895,734.639625086215,1.25046530549491,0.0146191689565697,NA,0.505587576272954
"zsd",TRUE,NA,0.0649044350008724,0.0884274214366325,0.733985385374866,0.462957645272976,1.06705704620581,734.849519776994,1.46035999627327,0.0141954453153893,NA,0.581563599017247
"n_m2",TRUE,NA,0.14454441001233,0.202717436501542,0.713033927948422,0.475824762832293,1.15551301017132,734.090954043685,0.701794262964086,0.0152854803325938,NA,0.581563599017247
"midstory_mean_betweenness",TRUE,NA,0.05485343893372,0.089746341498091,0.611205292807248,0.54106367985503,1.05638577830321,735.01533918232,1.62617940159942,0.0140074731008378,NA,0.623565574811346
"midstory_n_components",TRUE,NA,0.053268185283275,0.0884466916547054,0.602263174424129,0.546998969583072,1.05471246555487,735.025768846718,1.63660906599785,0.0139669926550829,NA,0.623565574811346
"LAI",TRUE,NA,0.0549317240838265,0.0925227644190329,0.593710363376545,0.552705850400966,1.05646848085958,735.03586706108,1.64670728035946,0.0139051566362387,NA,0.623565574811346
"n_gt_24_1",TRUE,NA,0.045060703698402,0.0886211799153721,0.508464271649647,0.611127789156061,1.04609135959576,735.130467598588,1.74130781786766,0.0137185536006758,NA,0.672240568071667
"zentropy",TRUE,NA,-0.0251762026136598,0.0965157281201398,-0.260850776386634,0.794207585646865,0.975138075012215,735.321067776789,1.93190799606805,0.0134138041917784,NA,0.852320335816148
"LAD_mean",TRUE,NA,-0.0122979008575874,0.0894013749774542,-0.13755829662227,0.890589516585375,0.987777409290131,735.370239064385,1.98107928366494,0.0133025236673965,NA,0.905203433479907
"rumple_index",TRUE,NA,0.0110980308060537,0.0905261567743015,0.122594741691323,0.902428018556204,1.01115984240064,735.374127652656,1.98496787193574,0.0132972651028275,NA,0.905203433479907
"midstory_graph_density",TRUE,NA,-0.0112063682855433,0.0940993759124001,-0.119090782238298,0.905203433479907,0.988856189160875,735.374999994178,1.98584021345744,0.0133074090982807,NA,0.905203433479907
