"field_stage","n","correct_n","incorrect_n","metric","estimate_log_odds","standard_error","p_value","odds_ratio_per_sd","delta_aic_from_no_metric","q_value_bh_within_field"
"msf",93,59,34,"zsd",1.05682083742201,0.295321806008144,0.000345519253729926,2.87720931757107,-14.9077941438232,0.0148573279103868
"msf",93,59,34,"n_gt_24_1",0.856836166333647,0.254672882191495,0.000766942102855562,2.35569586131488,-11.2223526402571,0.0164892552113946
"msf",93,59,34,"zmean",0.833079646226921,0.273563854726601,0.00232460641365939,2.300392237013,-9.38619170719213,0.0333193585957846
"msf",93,59,34,"n_strata_upper",1.96998860104719,0.670801623750625,0.0033165234086315,7.17059475060955,-18.7621617177206,0.0356526266427886
"msf",93,59,34,"rumple_index",0.768229324061358,0.283661958338896,0.00676377384243401,2.15594539139909,-7.22493104483172,0.0577627640097051
"msf",93,59,34,"zquantile_pc1",0.667461856885861,0.253889442485229,0.00856497395200439,1.94928347607986,-5.97498458120141,0.0577627640097051
"msf",93,59,34,"smoothness_score",0.626796994201124,0.241351021858956,0.00940324065274269,1.87160620285053,-5.45036312393387,0.0577627640097051
"msf",93,59,34,"n_strata_mid",-0.579779582345692,0.22847861387822,0.0111626289913518,0.560021791652046,-4.87781494771593,0.0599991308285161
"msf",93,59,34,"topo_residual_sd",0.637839576876001,0.256486032224862,0.012888355744287,1.89238810081762,-5.22683288724178,0.0615776996671489
"msf",93,59,34,"n_strata_mid_upper",0.513796430048866,0.240971527322532,0.0329914521421425,1.67162537250168,-3.01354759230483,0.141863244211213
"msf",93,59,34,"LAD_mean",-0.431094012895864,0.224108696258997,0.0544055668122101,0.649797818528419,-1.83754608049301,0.212676306629549
"msf",93,59,34,"pzabovezmean",-0.441484763181703,0.239404330266764,0.0651690318740813,0.643080889062364,-1.70152720555129,0.233522364215458
"msf",93,59,34,"midstory_eigen_ratio",0.431980460181195,0.246832565601436,0.0801019075223329,1.54030501758613,-1.39527739245766,0.264952463343101
"msf",93,59,34,"n_gt_12_1",-0.374268732826764,0.220865603710826,0.0901600247117573,0.687792054688419,-0.950272190239176,0.276920075900397
"msf",93,59,34,"midstory_n_m2",-0.365894611788228,0.227024020060981,0.107027238982677,0.693575892081225,-0.688246822945089,0.280227959825924
"msf",93,59,34,"understory_mean_abs_sa",-0.364788474080441,0.226991237451248,0.108041268633161,0.694343506994301,-0.672445094835936,0.280227959825924
"msf",93,59,34,"LAI",0.365784025641325,0.229380259070388,0.110787798070714,1.44164385092327,-0.690186261779104,0.280227959825924
"msf",93,59,34,"topo_entropy",-0.350288081174089,0.224882369624199,0.1193161778376,0.704485111584954,-0.509605593826876,0.285033091500933
"msf",93,59,34,"midstory_mean_abs_sa",-0.334835273578337,0.220824167938162,0.129443983520065,0.715455931141613,-0.344781893514721,0.29295217322962
"msf",93,59,34,"LAD_z_max",-0.326114418419753,0.228831540138406,0.15411997267631,0.721722604347404,-0.182277532275805,0.317100755231925
"msf",93,59,34,"understory_mean_closeness",-0.327148059638803,0.229971034101911,0.15486315953187,0.720976987531353,-0.125498387502034,0.317100755231925
"msf",93,59,34,"understory_n_m2",-0.316492631644257,0.227089713101289,0.163411278000594,0.728700380863639,-0.0132417174460358,0.319394770637525
"msf",93,59,34,"midstory_graph_density",0.328977853620851,0.263063499938945,0.211093437916883,1.38954708181033,0.150846893632007,0.394652949148955
"msf",93,59,34,"zentropy",0.256399905043827,0.217014799769049,0.237409789882028,1.29226940967592,0.583767619623345,0.41103397840104
"msf",93,59,34,"trees_per_acre",-0.250525172985349,0.217107548412179,0.248532155325071,0.778391885319591,0.656952956396495,0.41103397840104
"msf",93,59,34,"n_trees",-0.250525163594153,0.217107548378209,0.248532172986675,0.778391892629623,0.656953058159957,0.41103397840104
"msf",93,59,34,"midstory_mean_betweenness",-0.249732366607278,0.222761006980214,0.262254848735308,0.77900924406155,0.721321290767733,0.417665129467342
"msf",93,59,34,"understory_graph_density",0.26335033000686,0.240657004663644,0.273824573432885,1.30128251742038,0.713915852521879,0.420516309200502
"msf",93,59,34,"fractional_canopy_cover",-0.236138963991371,0.224487678275489,0.292844665005081,0.789670930483416,0.86300911124998,0.434217951559258
"msf",93,59,34,"understory_eigen_ratio",0.223820984620545,0.234711685077329,0.340286324625983,1.25084707852013,1.05218635141944,0.487743731963908
"msf",93,59,34,"understory_mean_degree",-0.18870595184108,0.225327630238547,0.40232638498723,0.828029951583513,1.28553220930691,0.543056952690942
"msf",93,59,34,"understory_avg_path_length",-0.181145968816267,0.217134134747372,0.404135406653724,0.83431356604341,1.31140746825265,0.543056952690942
"msf",93,59,34,"zskew",0.143315645690553,0.224312256951454,0.522880607468922,1.15409402898634,1.58031391262347,0.670179015509359
"msf",93,59,34,"midstory_n_components",0.140413769623784,0.223537210000067,0.5299089890074,1.1507498456943,1.59828728479141,0.670179015509359
"msf",93,59,34,"bt_diff",-0.134053950139221,0.223608170667785,0.548836970515155,0.874542881620363,1.63752184332623,0.674285420918619
"msf",93,59,34,"landsat8_summer_fall_diff_mean_5x5",-0.112176761311892,0.21985010564115,0.609881919170533,0.893886239030699,1.73876069052625,0.728470070120359
"msf",93,59,34,"understory_n_components",0.107201505322628,0.222464418789878,0.629890072979424,1.11315853925187,1.76323264777972,0.73203440913825
"msf",93,59,34,"zkurt",-0.0914356888864342,0.212612289473986,0.667153201527706,0.91262000587363,1.8155024332201,0.754936517518194
"msf",93,59,34,"n_strata_low",-0.0708423947508417,0.215488042081732,0.742342199644127,0.931608706980274,1.89228495937425,0.818479861146089
"msf",93,59,34,"understory_mean_strength",0.0542112445020417,0.218126871568692,0.803723747437077,1.05570759102603,1.93797369352251,0.864003028494858
"msf",93,59,34,"LAD_max",-0.0370811358568457,0.217154337718862,0.864412985210742,0.963597949831957,1.97088292633424,0.906579472294193
"msf",93,59,34,"midstory_mean_strength",0.0282455511403499,0.219241859488609,0.897489920454613,1.02864823916075,1.98337127566288,0.918858728084484
"msf",93,59,34,"midstory_avg_path_length",-0.0209229426839863,0.219499998433803,0.924059923320719,0.979294423461952,1.99093861317482,0.924059923320719
"se",382,190,192,"n_strata_low",-1.68628282585029,0.202286631779204,7.67770300306107e-17,0.185206691567226,-117.678810657417,3.37818932134687e-15
"se",382,190,192,"understory_n_m2",-1.12018431128078,0.138609657453257,6.39357048912544e-16,0.326219663117827,-85.098144578597,1.4065855076076e-14
"se",382,190,192,"pzabovezmean",1.22334805873624,0.15342978477961,1.54440740677714e-15,3.3985472426447,-89.7610857816269,2.01213051232239e-14
"se",382,190,192,"n_trees",-1.40931625969848,0.177837868277581,2.28651171420191e-15,0.244310270837074,-98.41701392513,2.01213051232239e-14
"se",382,190,192,"trees_per_acre",-1.40931624507283,0.177837866714496,2.2865119458209e-15,0.24431027441027,-98.4170127483848,2.01213051232239e-14
"se",382,190,192,"LAD_z_max",1.14691932734429,0.145617286167452,3.37331101057471e-15,3.14847852225819,-83.0440107419812,2.47376140775479e-14
"se",382,190,192,"understory_mean_degree",-1.06660798678528,0.137857586000523,1.0176774658009e-14,0.344173982361332,-76.9641439015561,6.39682978503424e-14
"se",382,190,192,"n_gt_12_1",1.0918911088851,0.142375153002171,1.73190075802669e-14,2.97990407048007,-77.7340004407943,9.52545416914679e-14
"se",382,190,192,"zskew",-1.42166118508549,0.186743906589806,2.68029832516674e-14,0.241312818501868,-93.1164507892728,1.31036807008152e-13
"se",382,190,192,"bt_diff",1.08389276015461,0.144288476222198,5.82377991357718e-14,2.95616482248991,-76.1518174215682,2.56246316197396e-13
"se",382,190,192,"smoothness_score",-1.00502744461789,0.142676288185215,1.86650875362005e-12,0.366034588986735,-66.0490732311911,7.46603501448019e-12
"se",382,190,192,"understory_n_components",0.829574879679879,0.124680087884464,2.85955582658599e-11,2.29234401107046,-51.2574376609206,1.04850380308153e-10
"se",382,190,192,"n_strata_mid",0.801398257419171,0.12229567321517,5.64088576288403e-11,2.2286549842258,-48.7710032003303,1.90922287359152e-10
"se",382,190,192,"understory_mean_closeness",-0.72263471918971,0.113675914079254,2.05768111780658e-10,0.48547148842286,-42.495827346984,6.46699779882069e-10
"se",382,190,192,"understory_mean_strength",0.781811741235586,0.125566711509371,4.77682920521651e-10,2.18542811115819,-44.7954299480331,1.40120323353018e-09
"se",382,190,192,"understory_eigen_ratio",0.985123315158145,0.164529115608898,2.13049270779785e-09,2.67814211957814,-50.4919842940483,5.85885494644408e-09
"se",382,190,192,"topo_entropy",0.708266197987104,0.119646376003152,3.22602413325906e-09,2.03046777590169,-38.6743417116527,8.34970952137638e-09
"se",382,190,192,"understory_graph_density",2.02793616153584,0.373411084173927,5.60891461885045e-08,7.59838831916435,-54.25674637285,1.37106801794122e-07
"se",382,190,192,"zkurt",-1.92988358172776,0.375638729587796,2.78261341609854e-07,0.14516509736976,-65.6466791971408,6.44394685833346e-07
"se",382,190,192,"understory_avg_path_length",0.569010523428094,0.125694530958962,5.98463468050905e-06,1.76651825795124,-22.5883529115382,1.31661962971199e-05
"se",382,190,192,"n_strata_upper",-0.409214638068563,0.117283492606694,0.000484637374889235,0.66417166049969,-11.8902070901289,0.00101543069024411
"se",382,190,192,"LAD_max",-0.369981878317663,0.107952072646312,0.000609662189118987,0.690746848018892,-10.3102193584874,0.00121932437823797
"se",382,190,192,"fractional_canopy_cover",0.351141445678488,0.10946831557629,0.00133801289267576,1.42068826191622,-8.93465250223085,0.00255967683816232
"se",382,190,192,"landsat8_summer_fall_diff_mean_5x5",-0.322034639775856,0.106329110662512,0.00245641610385398,0.724673087381809,-7.47621177673398,0.00450342952373231
"se",382,190,192,"midstory_n_m2",0.275266015586487,0.104650744729653,0.00853019673700603,1.31688093913304,-5.03303277524356,0.0145684716165535
"se",382,190,192,"understory_mean_abs_sa",0.274993027849402,0.104670847827484,0.00860864231887252,1.31652149584949,-5.01652738762289,0.0145684716165535
"se",382,190,192,"zquantile_pc1",0.27575658656506,0.105672198472657,0.00906621456198388,1.31752712119013,-4.9913382579698,0.0147745718787886
"se",382,190,192,"midstory_mean_betweenness",0.246117632852963,0.104760468634404,0.0188068823960064,1.27905002299595,-3.59660649013244,0.0295536723365815
"se",382,190,192,"zmean",0.19697559868463,0.104145767586309,0.0585782773053997,1.21771432651207,-1.62150193028458,0.0888773862564686
"se",382,190,192,"LAD_mean",0.187880578182748,0.104496643928906,0.0721836618333581,1.20668940170341,-1.2843593147204,0.105869370688925
"se",382,190,192,"topo_residual_sd",0.15979223763231,0.104012888749757,0.124471332550325,1.17326708492041,-0.380583082281532,0.176668988135946
"se",382,190,192,"zentropy",0.148192024122213,0.104295331162058,0.155349211666841,1.15973557218797,-0.0425688419718426,0.213605166041906
"se",382,190,192,"midstory_avg_path_length",0.143567773825532,0.104725059966393,0.170405568343241,1.15438504524661,0.0958972849867905,0.227207424457655
"se",382,190,192,"midstory_mean_strength",0.132530694760278,0.103532663981499,0.200514956164126,1.14171406019073,0.349901529928502,0.259489943271222
"se",382,190,192,"LAI",0.122425119870771,0.103714625451345,0.237839720798324,1.13023448480102,0.596530087394626,0.298998506146464
"se",382,190,192,"midstory_eigen_ratio",-0.118312614730595,0.109989012526338,0.282071884855194,0.888418276558254,0.776639700760597,0.344754525934126
"se",382,190,192,"n_strata_mid_upper",0.105637234811314,0.10312576330578,0.30566834491064,1.11141861938196,0.947280027484794,0.363497491245085
"se",382,190,192,"midstory_mean_abs_sa",-0.0833066837013641,0.103288487706825,0.419929395275889,0.92006893380108,1.34830799547581,0.48623403663524
"se",382,190,192,"midstory_graph_density",-0.0732244217134669,0.10863166047824,0.500272205091356,0.929392230822649,1.5243279138632,0.564409667282555
"se",382,190,192,"zsd",-0.0508200204518643,0.102947134937685,0.621552234744337,0.950449716650092,1.75611220407177,0.68370745821877
"se",382,190,192,"n_gt_24_1",-0.0432687057421603,0.102860743380331,0.674008305341501,0.957654028354872,1.82295481738686,0.723325986220148
"se",382,190,192,"midstory_n_components",0.0288587404050442,0.103354368891288,0.780075004620536,1.0292791886441,1.92201353227995,0.81722143341199
"se",382,190,192,"rumple_index",-0.00452733003914577,0.103361856137827,0.965063204422006,0.995482902871084,1.99808148483305,0.979984564434016
"se",382,190,192,"n_m2",-0.687268284099022,27.3940195651687,0.979984564434016,0.502948105543195,0.747620636700503,0.979984564434016
"si",53,29,24,"bt_diff",-2.74140147518391,0.772957651923206,0.000390179382178044,0.0644799165371324,-28.2209757529697,0.0061059637922926
"si",53,29,24,"n_gt_12_1",-1.69068585705015,0.484593059649385,0.000485053252819523,0.184393013365631,-18.2399555851063,0.0061059637922926
"si",53,29,24,"zskew",2.16619691716058,0.629197098090422,0.000575734563975145,8.72503881824035,-20.7837304221255,0.0061059637922926
"si",53,29,24,"zkurt",3.27502059076805,0.967291977324985,0.000709808697219129,26.4437699724908,-23.6116586080963,0.0061059637922926
"si",53,29,24,"zquantile_pc1",-1.76847411358738,0.534042267584227,0.000928014976248704,0.170593096015224,-18.1120301558863,0.0061059637922926
"si",53,29,24,"zmean",-1.42978707117943,0.434579059292126,0.00100169387219509,0.23935988343568,-14.4870880144796,0.0061059637922926
"si",53,29,24,"zentropy",-1.59994128351122,0.494815938820586,0.00122323187878247,0.201908372997327,-15.2782945850582,0.0061059637922926
"si",53,29,24,"topo_residual_sd",-1.20686235906304,0.380315782338616,0.00150708119420753,0.299134384802405,-11.5765894787061,0.0061059637922926
"si",53,29,24,"n_trees",1.78318266981403,0.563061467388618,0.00154051359832766,5.9487592584088,-15.015628764084,0.0061059637922926
"si",53,29,24,"trees_per_acre",1.78318268055274,0.563061472566012,0.00154051365155677,5.9487593222908,-15.0156289482885,0.0061059637922926
"si",53,29,24,"n_strata_mid",-1.28575382020797,0.408956817887889,0.00166664373651482,0.27644211741438,-12.1589921250198,0.0061059637922926
"si",53,29,24,"understory_mean_closeness",1.04527332664589,0.333746527825395,0.00173656731300287,2.84417580645439,-9.82014401701699,0.0061059637922926
"si",53,29,24,"smoothness_score",1.09668574007742,0.351419638355214,0.00180403475681372,2.99422591803859,-10.0879967425331,0.0061059637922926
"si",53,29,24,"rumple_index",-1.20349637958732,0.399092911610774,0.00256488739643385,0.300142961474073,-10.8083954146954,0.00806107467450638
"si",53,29,24,"n_strata_low",1.74372200020806,0.593182370129094,0.00328630652408668,5.7185884485458,-12.6569657507964,0.00963983247065425
"si",53,29,24,"understory_n_m2",0.965277310572201,0.342566801188585,0.00483571816912051,2.62551563877543,-7.72704532008797,0.0132982249650814
"si",53,29,24,"topo_entropy",-0.895004357682742,0.332704153811183,0.00714325965319246,0.408605818062447,-6.5271214323492,0.0172369446979857
"si",53,29,24,"understory_n_components",-1.17082015454156,0.439816484240774,0.00776628348220655,0.310112496765225,-8.93073860312208,0.0172369446979857
"si",53,29,24,"pzabovezmean",-1.04392081286167,0.392444698828636,0.00781300618805066,0.352071565537926,-7.66454800211956,0.0172369446979857
"si",53,29,24,"LAD_z_max",-1.00263039252914,0.377056321621987,0.00783497486272077,0.366913045395082,-7.52800318356626,0.0172369446979857
"si",53,29,24,"midstory_mean_betweenness",-0.788269568477435,0.310834958140751,0.0112134856940946,0.454630822509471,-5.16409355636189,0.0234949224066743
"si",53,29,24,"understory_mean_strength",-0.840710451294713,0.336237344461977,0.0124071279738354,0.431403923053981,-5.50126960892938,0.0248142559476709
"si",53,29,24,"understory_mean_degree",0.722492917563552,0.313789956328943,0.021308509582887,2.05956113236523,-3.98538012227371,0.0407641052890012
"si",53,29,24,"LAI",-0.763190390511903,0.354571774958327,0.0313636217468755,0.466176766042104,-3.7435490967349,0.0574999732026051
"si",53,29,24,"landsat8_summer_fall_diff_mean_5x5",0.600301333104502,0.311756744773313,0.0541613353801918,1.8226679478394,-2.11964556299624,0.0953239502691376
"si",53,29,24,"understory_avg_path_length",-1.23001547338711,0.670903870139668,0.0667474672977031,0.292288054959647,-3.93939230134923,0.112957252349959
"si",53,29,24,"LAD_mean",-0.535308473662565,0.308607610765738,0.0828129935895224,0.58548865445592,-1.26720638936719,0.134954508071814
"si",53,29,24,"n_strata_mid_upper",-0.540388786653688,0.321193767521597,0.092483825253829,0.582521731667974,-1.26986635441719,0.145331725398874
"si",53,29,24,"n_gt_24_1",-0.45305650880828,0.303177860895559,0.135081860215859,0.635682210967264,-0.419049656391977,0.20416522188208
"si",53,29,24,"fractional_canopy_cover",-0.452987049899936,0.306328280265035,0.139203560374145,0.635726366293164,-0.342397617392621,0.20416522188208
"si",53,29,24,"midstory_eigen_ratio",0.459847917309169,0.316728289826612,0.146538093461953,1.58383309307858,-0.358024080207002,0.207989552010514
"si",53,29,24,"understory_graph_density",-0.464198248759087,0.337760150671369,0.169335268766118,0.628638915227862,-0.320712470164978,0.232835994553412
"si",53,29,24,"understory_eigen_ratio",-0.408373123817317,0.311634834398933,0.190053135953196,0.664730805648583,0.0590500993260576,0.249409273983698
"si",53,29,24,"LAD_max",0.392496012801145,0.301326849462088,0.192725348078312,1.48067196153572,0.205393809460247,0.249409273983698
"si",53,29,24,"midstory_mean_abs_sa",-0.359053156102083,0.287381815652551,0.21152095109945,0.698337229479897,0.396683708426011,0.265912052810737
"si",53,29,24,"zsd",-0.348697051560793,0.288770606387079,0.22723092269356,0.705606860390765,0.496029891558806,0.277726683292128
"si",53,29,24,"understory_mean_abs_sa",0.339867673249862,0.287066600575998,0.236439514634511,1.40476169071485,0.56218148824901,0.2811713147005
"si",53,29,24,"midstory_avg_path_length",0.321160113482857,0.299077773526473,0.282896741195178,1.3787263158943,0.7714780215655,0.32756464769968
"si",53,29,24,"midstory_mean_strength",0.146869573017043,0.283618578346292,0.604568607376201,1.15820289226933,1.72784638641777,0.682077403193663
"si",53,29,24,"n_strata_upper",0.102174956875577,0.287765200261085,0.722541922037927,1.10757723302965,1.87214822884249,0.794796114241719
"si",53,29,24,"midstory_n_m2",0.0701199732272472,0.280109569485831,0.80233175875457,1.07263686124089,1.93725037090681,0.861038960614661
"si",53,29,24,"midstory_n_components",0.0289489054951711,0.279028493034483,0.917368601577616,1.02937199787893,1.98922398553677,0.96105282070036
"si",53,29,24,"midstory_graph_density",0.00653019237467586,0.279686934610871,0.98137250734581,1.00655156056838,1.9994546456975,0.991352636864526
"si",53,29,24,"n_m2",2.16668537335183,199.91423240389,0.991352636864526,8.72930165849058,0.436237522067543,0.991352636864526
