"observed_field_stage","contrast","n","lidar_si_n","lidar_msf_n","metric","estimate_log_odds","standard_error","p_value","odds_ratio_per_sd","q_value_bh"
"se","LiDAR si versus LiDAR msf among incorrect calls",192,48,144,"zentropy",-1.55914584569696,0.241320577303395,1.04088562337754e-10,0.210315636507527,1.90940007285588e-09
"se","LiDAR si versus LiDAR msf among incorrect calls",192,48,144,"n_trees",1.758390010891,0.273745126532778,1.33213909932226e-10,5.80308696256728,1.90940007285588e-09
"se","LiDAR si versus LiDAR msf among incorrect calls",192,48,144,"trees_per_acre",1.75838998318121,0.273745124586443,1.33213958571341e-10,5.803086801765,1.90940007285588e-09
"se","LiDAR si versus LiDAR msf among incorrect calls",192,48,144,"understory_mean_degree",2.11597103408077,0.339103320371282,4.37848856760546e-10,8.29763914583388,4.70687521017587e-09
"se","LiDAR si versus LiDAR msf among incorrect calls",192,48,144,"zquantile_pc1",-3.29031741896464,0.533130209721579,6.75614409045819e-10,0.0372420261944651,5.81028391779405e-09
"se","LiDAR si versus LiDAR msf among incorrect calls",192,48,144,"topo_residual_sd",-3.79206938483464,0.618031300703653,8.47723097730938e-10,0.0225488912031441,6.07534886707172e-09
"se","LiDAR si versus LiDAR msf among incorrect calls",192,48,144,"zsd",-2.59728763319946,0.429643646293846,1.49212144291888e-09,0.0744753088621194,9.16588886364458e-09
"se","LiDAR si versus LiDAR msf among incorrect calls",192,48,144,"zmean",-3.48889378844681,0.580416695488561,1.84364706288192e-09,0.0305346312572985,9.90960296299034e-09
"se","LiDAR si versus LiDAR msf among incorrect calls",192,48,144,"LAI",-1.39820700068912,0.239132767757406,5.00546338766044e-09,0.247039508750728,2.39149917410443e-08
"se","LiDAR si versus LiDAR msf among incorrect calls",192,48,144,"rumple_index",-2.64161069783011,0.465257090324189,1.36482688470223e-08,0.0712464206326435,5.86875560421959e-08
"se","LiDAR si versus LiDAR msf among incorrect calls",192,48,144,"understory_mean_strength",-1.65287499516224,0.296304778312864,2.42889699691586e-08,0.191498559006068,9.49477916976201e-08
"se","LiDAR si versus LiDAR msf among incorrect calls",192,48,144,"understory_n_m2",1.30405837549976,0.236207331411749,3.37419538562996e-08,3.68421830964921,1.12876974683888e-07
"se","LiDAR si versus LiDAR msf among incorrect calls",192,48,144,"bt_diff",-1.31023013473105,0.23741067168396,3.41255969974546e-08,0.269757968563136,1.12876974683888e-07
"se","LiDAR si versus LiDAR msf among incorrect calls",192,48,144,"n_gt_24_1",-2.12203253235344,0.393550401143689,6.96691259630218e-08,0.119787908111774,2.13983744029281e-07
"se","LiDAR si versus LiDAR msf among incorrect calls",192,48,144,"zkurt",1.29301360630792,0.243347459355881,1.07571270245227e-07,3.64375085697824,3.08370974702984e-07
"se","LiDAR si versus LiDAR msf among incorrect calls",192,48,144,"zskew",1.00384571758162,0.19320034365994,2.03754143157713e-07,2.728755699545,5.47589259736354e-07
"se","LiDAR si versus LiDAR msf among incorrect calls",192,48,144,"understory_mean_closeness",1.50775245453809,0.29350557550118,2.79086552697616e-07,4.51656818580052,7.05924809764559e-07
"se","LiDAR si versus LiDAR msf among incorrect calls",192,48,144,"n_strata_low",0.916191665432014,0.194515311374274,2.47563445487937e-06,2.49975234616194,5.91401564221182e-06
"se","LiDAR si versus LiDAR msf among incorrect calls",192,48,144,"n_strata_mid_upper",-2.09589545755827,0.450154975317641,3.22502716830718e-06,0.122960088800948,7.2987456966952e-06
"se","LiDAR si versus LiDAR msf among incorrect calls",192,48,144,"n_gt_12_1",-1.13050661725581,0.248950690802445,5.59650665912653e-06,0.322869643648376,1.2032489317122e-05
"se","LiDAR si versus LiDAR msf among incorrect calls",192,48,144,"understory_avg_path_length",-2.32731743603498,0.52340229766023,8.72735915377148e-06,0.0975570995452369,1.78703068386749e-05
"se","LiDAR si versus LiDAR msf among incorrect calls",192,48,144,"understory_n_components",-2.55315165829261,0.578837220943985,1.02975897924751e-05,0.0778359666545677,2.01271073216558e-05
"se","LiDAR si versus LiDAR msf among incorrect calls",192,48,144,"understory_eigen_ratio",-1.13129899861979,0.280568757699925,5.52658033599098e-05,0.322613909092782,0.000103323023672875
"se","LiDAR si versus LiDAR msf among incorrect calls",192,48,144,"fractional_canopy_cover",-0.621697319850555,0.166755232556462,0.000192850185994382,0.537032148264662,0.000345523249906601
"se","LiDAR si versus LiDAR msf among incorrect calls",192,48,144,"LAD_max",0.651322864895782,0.179049242230938,0.000275110784263774,1.91807650754331,0.000472542196884102
"se","LiDAR si versus LiDAR msf among incorrect calls",192,48,144,"midstory_mean_abs_sa",0.650902245840794,0.179415140232584,0.000285723188813643,1.91726989766495,0.000472542196884102
"se","LiDAR si versus LiDAR msf among incorrect calls",192,48,144,"LAD_mean",0.532544759236241,0.165823243136409,0.00132034509655467,1.7032611879444,0.00210277182043892
"se","LiDAR si versus LiDAR msf among incorrect calls",192,48,144,"understory_graph_density",-1.11902241616082,0.369092455936332,0.00243082963065777,0.326598916436061,0.00373305978993872
"se","LiDAR si versus LiDAR msf among incorrect calls",192,48,144,"midstory_n_components",-0.655009816077599,0.219226212709723,0.00280969307386021,0.519436963728479,0.00416609662675824
"se","LiDAR si versus LiDAR msf among incorrect calls",192,48,144,"landsat8_summer_fall_diff_mean_5x5",-0.502633210824584,0.176128418697311,0.0043201316759836,0.604935637550477,0.0061921887355765
"se","LiDAR si versus LiDAR msf among incorrect calls",192,48,144,"n_strata_upper",-3.13234921267624,1.15738409858866,0.00680161988555331,0.0436152153897513,0.00943450500254169
"se","LiDAR si versus LiDAR msf among incorrect calls",192,48,144,"midstory_avg_path_length",-0.605465435943159,0.239452062184541,0.0114536237290198,0.545820323112956,0.0153908068858703
"se","LiDAR si versus LiDAR msf among incorrect calls",192,48,144,"midstory_mean_strength",-0.407329926605202,0.181960492577588,0.025184399579353,0.665424612797765,0.0328160358155205
"se","LiDAR si versus LiDAR msf among incorrect calls",192,48,144,"pzabovezmean",-0.272488403501057,0.163058104073317,0.0946994981114326,0.761482259652223,0.1197670123174
"se","LiDAR si versus LiDAR msf among incorrect calls",192,48,144,"midstory_graph_density",0.298346691554465,0.203963898501667,0.143537813544536,1.34762891846435,0.17634645664043
"se","LiDAR si versus LiDAR msf among incorrect calls",192,48,144,"LAD_z_max",-0.237887477429815,0.189044037587572,0.208257724094655,0.788291386676433,0.248752281557504
"se","LiDAR si versus LiDAR msf among incorrect calls",192,48,144,"n_strata_mid",-0.17988533984025,0.180072802986152,0.317814572925412,0.835365989117986,0.369352071237641
"se","LiDAR si versus LiDAR msf among incorrect calls",192,48,144,"midstory_eigen_ratio",0.142066347728121,0.153325225445292,0.354150536323795,1.15265312191601,0.400749291103241
"se","LiDAR si versus LiDAR msf among incorrect calls",192,48,144,"smoothness_score",-0.128373826867446,0.168566611769494,0.446321812917391,0.879524527782673,0.491063962383125
"se","LiDAR si versus LiDAR msf among incorrect calls",192,48,144,"midstory_mean_betweenness",-0.124476612202265,0.167280221392499,0.456803685937791,0.882958911589338,0.491063962383125
"se","LiDAR si versus LiDAR msf among incorrect calls",192,48,144,"topo_entropy",-0.0454853252681486,0.166130634782255,0.784244071671031,0.955533624668786,0.822499880045228
"se","LiDAR si versus LiDAR msf among incorrect calls",192,48,144,"midstory_n_m2",-0.0119190309717754,0.168370250297056,0.943564413495278,0.988151719307315,0.966030232864213
"se","LiDAR si versus LiDAR msf among incorrect calls",192,48,144,"understory_mean_abs_sa",-0.0064861760644794,0.168217955340431,0.969242655131987,0.993534813769718,0.969242655131987
