"field_stage","lidar_stage","comparison_outcome","n"
"se","msf","Both wrong; different calls",2
"si","msf","Both wrong; different calls",6
"msf","se","Both wrong; different calls",1
"si","se","Both wrong; different calls",2
"msf","si","Both wrong; different calls",5
"se","si","Both wrong; different calls",25
"se","msf","Both wrong; same call",77
"si","msf","Both wrong; same call",5
"msf","se","Both wrong; same call",9
"si","se","Both wrong; same call",7
"se","si","Both wrong; same call",3
"se","msf","Rule correct; LiDAR wrong",65
"si","msf","Rule correct; LiDAR wrong",3
"msf","se","Rule correct; LiDAR wrong",11
"si","se","Rule correct; LiDAR wrong",1
"msf","si","Rule correct; LiDAR wrong",8
"se","si","Rule correct; LiDAR wrong",20
