"field","meaning"
"field_stage","Recorded three-class field stage: msf, se, or si."
"rule_stage","Existing KNF rule-model stage mapped to msf, se, or si."
"lidar_stage","LiDAR GBM predicted stage: msf, se, or si."
"eligible_3class","TRUE when field, rule, and LiDAR stages are all available in the three-class comparison."
"review_status","Source-record review provenance stratum."
"comparison_outcome","Handout outcome: Both correct; LiDAR correct, rule wrong; Rule correct, LiDAR wrong; Both wrong, same call; or Both wrong, different calls."
"models_agree","TRUE when rule and LiDAR stages are identical, among eligible records."
"rule_matches_field","TRUE when the rule stage equals the recorded field stage, among eligible records."
"lidar_matches_field","TRUE when the LiDAR stage equals the recorded field stage, among eligible records."
"rule_to_lidar","Rule-to-LiDAR transition, for example Rule msf -> LiDAR se."
"field_rule_lidar","Recorded field stage plus rule-to-LiDAR transition."
"lidar_confidence","Largest LiDAR class probability."
"lidar_entropy","Normalized Shannon entropy of the three LiDAR class probabilities; 0 means concentrated and 1 means evenly distributed."
"lidar_margin","Largest LiDAR class probability minus the second-largest probability."
